Compound,Date,Negative,Neutral,Positive,Screen Name,Tweets Ago
0.7783,Wed Dec 13 03:48:10 +0000 2017,0.0,0.57,0.43,@bbcnews,1
-0.4215,Wed Dec 13 03:48:04 +0000 2017,0.237,0.763,0.0,@bbcnews,2
-0.4215,Wed Dec 13 03:47:49 +0000 2017,0.237,0.763,0.0,@bbcnews,3
0.0,Wed Dec 13 03:47:48 +0000 2017,0.0,1.0,0.0,@bbcnews,4
0.0,Wed Dec 13 03:47:19 +0000 2017,0.0,1.0,0.0,@bbcnews,5
0.0,Wed Dec 13 03:47:11 +0000 2017,0.0,1.0,0.0,@bbcnews,6
0.0,Wed Dec 13 03:46:42 +0000 2017,0.0,1.0,0.0,@bbcnews,7
0.0,Wed Dec 13 03:46:40 +0000 2017,0.0,1.0,0.0,@bbcnews,8
-0.4215,Wed Dec 13 03:46:33 +0000 2017,0.237,0.763,0.0,@bbcnews,9
0.5106,Wed Dec 13 03:45:11 +0000 2017,0.0,0.732,0.268,@bbcnews,10
0.7269,Wed Dec 13 03:44:22 +0000 2017,0.119,0.614,0.267,@bbcnews,11
-0.296,Wed Dec 13 03:43:35 +0000 2017,0.196,0.804,0.0,@bbcnews,12
0.7723,Wed Dec 13 03:43:27 +0000 2017,0.0,0.678,0.322,@bbcnews,13
0.0,Wed Dec 13 03:42:48 +0000 2017,0.0,1.0,0.0,@bbcnews,14
0.8176,Wed Dec 13 03:42:43 +0000 2017,0.105,0.526,0.368,@bbcnews,15
-0.8588,Wed Dec 13 03:42:33 +0000 2017,0.487,0.513,0.0,@bbcnews,16
-0.7096,Wed Dec 13 03:40:34 +0000 2017,0.228,0.772,0.0,@bbcnews,17
0.5106,Wed Dec 13 03:40:28 +0000 2017,0.0,0.732,0.268,@bbcnews,18
0.0,Wed Dec 13 03:40:25 +0000 2017,0.0,1.0,0.0,@bbcnews,19
-0.6739,Wed Dec 13 03:40:07 +0000 2017,0.211,0.789,0.0,@bbcnews,20
0.34,Wed Dec 13 03:39:55 +0000 2017,0.081,0.756,0.163,@bbcnews,21
0.5106,Wed Dec 13 03:38:37 +0000 2017,0.0,0.732,0.268,@bbcnews,22
0.5106,Wed Dec 13 03:38:35 +0000 2017,0.0,0.732,0.268,@bbcnews,23
0.5106,Wed Dec 13 03:38:30 +0000 2017,0.0,0.732,0.268,@bbcnews,24
0.5106,Wed Dec 13 03:38:27 +0000 2017,0.0,0.732,0.268,@bbcnews,25
0.5106,Wed Dec 13 03:38:24 +0000 2017,0.0,0.732,0.268,@bbcnews,26
0.5106,Wed Dec 13 03:38:20 +0000 2017,0.0,0.732,0.268,@bbcnews,27
0.5106,Wed Dec 13 03:38:17 +0000 2017,0.0,0.732,0.268,@bbcnews,28
0.5106,Wed Dec 13 03:38:10 +0000 2017,0.0,0.732,0.268,@bbcnews,29
-0.2263,Wed Dec 13 03:38:09 +0000 2017,0.255,0.552,0.193,@bbcnews,30
0.5106,Wed Dec 13 03:38:07 +0000 2017,0.0,0.732,0.268,@bbcnews,31
-0.4215,Wed Dec 13 03:38:05 +0000 2017,0.237,0.763,0.0,@bbcnews,32
0.5106,Wed Dec 13 03:38:03 +0000 2017,0.0,0.732,0.268,@bbcnews,33
0.5106,Wed Dec 13 03:37:58 +0000 2017,0.0,0.732,0.268,@bbcnews,34
0.5106,Wed Dec 13 03:37:58 +0000 2017,0.0,0.732,0.268,@bbcnews,35
0.5106,Wed Dec 13 03:37:57 +0000 2017,0.0,0.732,0.268,@bbcnews,36
0.5106,Wed Dec 13 03:37:56 +0000 2017,0.0,0.732,0.268,@bbcnews,37
0.5106,Wed Dec 13 03:37:55 +0000 2017,0.0,0.732,0.268,@bbcnews,38
0.5106,Wed Dec 13 03:37:49 +0000 2017,0.0,0.732,0.268,@bbcnews,39
0.5106,Wed Dec 13 03:37:49 +0000 2017,0.0,0.732,0.268,@bbcnews,40
0.5106,Wed Dec 13 03:37:49 +0000 2017,0.0,0.732,0.268,@bbcnews,41
0.5106,Wed Dec 13 03:37:44 +0000 2017,0.0,0.732,0.268,@bbcnews,42
0.5106,Wed Dec 13 03:37:06 +0000 2017,0.0,0.752,0.248,@bbcnews,43
0.2462,Wed Dec 13 03:36:43 +0000 2017,0.15,0.651,0.199,@bbcnews,44
-0.4215,Wed Dec 13 03:36:16 +0000 2017,0.237,0.763,0.0,@bbcnews,45
0.0,Wed Dec 13 03:35:55 +0000 2017,0.0,1.0,0.0,@bbcnews,46
-0.4215,Wed Dec 13 03:35:54 +0000 2017,0.237,0.763,0.0,@bbcnews,47
0.5106,Wed Dec 13 03:35:48 +0000 2017,0.0,0.732,0.268,@bbcnews,48
0.5574,Wed Dec 13 03:35:31 +0000 2017,0.0,0.735,0.265,@bbcnews,49
-0.0857,Wed Dec 13 03:34:00 +0000 2017,0.055,0.945,0.0,@bbcnews,50
0.0,Wed Dec 13 03:33:33 +0000 2017,0.0,1.0,0.0,@bbcnews,51
0.5106,Wed Dec 13 03:33:02 +0000 2017,0.0,0.732,0.268,@bbcnews,52
0.0,Wed Dec 13 03:32:50 +0000 2017,0.0,1.0,0.0,@bbcnews,53
0.0,Wed Dec 13 03:32:39 +0000 2017,0.0,1.0,0.0,@bbcnews,54
0.626,Wed Dec 13 03:31:50 +0000 2017,0.152,0.482,0.366,@bbcnews,55
-0.2263,Wed Dec 13 03:31:21 +0000 2017,0.255,0.552,0.193,@bbcnews,56
-0.4215,Wed Dec 13 03:31:17 +0000 2017,0.237,0.763,0.0,@bbcnews,57
0.2732,Wed Dec 13 03:30:51 +0000 2017,0.0,0.896,0.104,@bbcnews,58
-0.1531,Wed Dec 13 03:30:46 +0000 2017,0.113,0.806,0.081,@bbcnews,59
-0.4767,Wed Dec 13 03:30:45 +0000 2017,0.383,0.617,0.0,@bbcnews,60
-0.2263,Wed Dec 13 03:28:53 +0000 2017,0.255,0.552,0.193,@bbcnews,61
0.0,Wed Dec 13 03:28:49 +0000 2017,0.0,1.0,0.0,@bbcnews,62
0.7351,Wed Dec 13 03:28:40 +0000 2017,0.0,0.744,0.256,@bbcnews,63
0.0,Wed Dec 13 03:28:33 +0000 2017,0.0,1.0,0.0,@bbcnews,64
0.3182,Wed Dec 13 03:27:58 +0000 2017,0.0,0.635,0.365,@bbcnews,65
-0.4215,Wed Dec 13 03:27:22 +0000 2017,0.237,0.763,0.0,@bbcnews,66
0.2263,Wed Dec 13 03:27:15 +0000 2017,0.112,0.726,0.162,@bbcnews,67
-0.4019,Wed Dec 13 03:24:55 +0000 2017,0.153,0.847,0.0,@bbcnews,68
-0.2263,Wed Dec 13 03:23:31 +0000 2017,0.255,0.552,0.193,@bbcnews,69
-0.4215,Wed Dec 13 03:23:26 +0000 2017,0.237,0.763,0.0,@bbcnews,70
-0.2263,Wed Dec 13 03:23:26 +0000 2017,0.255,0.552,0.193,@bbcnews,71
-0.2263,Wed Dec 13 03:23:25 +0000 2017,0.255,0.552,0.193,@bbcnews,72
-0.2263,Wed Dec 13 03:23:21 +0000 2017,0.255,0.552,0.193,@bbcnews,73
-0.4215,Wed Dec 13 03:23:20 +0000 2017,0.237,0.763,0.0,@bbcnews,74
-0.4215,Wed Dec 13 03:23:18 +0000 2017,0.237,0.763,0.0,@bbcnews,75
-0.2263,Wed Dec 13 03:23:18 +0000 2017,0.255,0.552,0.193,@bbcnews,76
-0.4215,Wed Dec 13 03:23:17 +0000 2017,0.237,0.763,0.0,@bbcnews,77
-0.2263,Wed Dec 13 03:23:16 +0000 2017,0.255,0.552,0.193,@bbcnews,78
-0.2263,Wed Dec 13 03:23:14 +0000 2017,0.255,0.552,0.193,@bbcnews,79
-0.4215,Wed Dec 13 03:23:12 +0000 2017,0.237,0.763,0.0,@bbcnews,80
-0.4215,Wed Dec 13 03:23:12 +0000 2017,0.237,0.763,0.0,@bbcnews,81
-0.2263,Wed Dec 13 03:23:09 +0000 2017,0.255,0.552,0.193,@bbcnews,82
-0.2263,Wed Dec 13 03:23:08 +0000 2017,0.255,0.552,0.193,@bbcnews,83
-0.2263,Wed Dec 13 03:23:07 +0000 2017,0.255,0.552,0.193,@bbcnews,84
-0.2263,Wed Dec 13 03:23:05 +0000 2017,0.255,0.552,0.193,@bbcnews,85
-0.2263,Wed Dec 13 03:23:05 +0000 2017,0.255,0.552,0.193,@bbcnews,86
0.0,Wed Dec 13 03:22:49 +0000 2017,0.0,1.0,0.0,@bbcnews,87
-0.2263,Wed Dec 13 03:22:43 +0000 2017,0.255,0.552,0.193,@bbcnews,88
-0.4215,Wed Dec 13 03:21:12 +0000 2017,0.237,0.763,0.0,@bbcnews,89
0.0,Wed Dec 13 03:21:09 +0000 2017,0.0,1.0,0.0,@bbcnews,90
-0.2263,Wed Dec 13 03:20:35 +0000 2017,0.255,0.552,0.193,@bbcnews,91
-0.4215,Wed Dec 13 03:20:35 +0000 2017,0.237,0.763,0.0,@bbcnews,92
-0.4215,Wed Dec 13 03:20:29 +0000 2017,0.237,0.763,0.0,@bbcnews,93
-0.4215,Wed Dec 13 03:20:18 +0000 2017,0.237,0.763,0.0,@bbcnews,94
-0.4215,Wed Dec 13 03:19:44 +0000 2017,0.237,0.763,0.0,@bbcnews,95
-0.4215,Wed Dec 13 03:19:16 +0000 2017,0.237,0.763,0.0,@bbcnews,96
-0.4215,Wed Dec 13 03:19:01 +0000 2017,0.237,0.763,0.0,@bbcnews,97
-0.4215,Wed Dec 13 03:18:58 +0000 2017,0.237,0.763,0.0,@bbcnews,98
-0.4215,Wed Dec 13 03:18:52 +0000 2017,0.237,0.763,0.0,@bbcnews,99
0.4738,Wed Dec 13 03:48:47 +0000 2017,0.0,0.872,0.128,@cbsnews,100
-0.6239,Wed Dec 13 03:48:45 +0000 2017,0.338,0.662,0.0,@cbsnews,1
-0.4005,Wed Dec 13 03:48:41 +0000 2017,0.124,0.876,0.0,@cbsnews,2
0.0,Wed Dec 13 03:48:41 +0000 2017,0.0,1.0,0.0,@cbsnews,3
0.0,Wed Dec 13 03:48:38 +0000 2017,0.0,1.0,0.0,@cbsnews,4
0.0,Wed Dec 13 03:48:33 +0000 2017,0.0,1.0,0.0,@cbsnews,5
0.0,Wed Dec 13 03:48:33 +0000 2017,0.0,1.0,0.0,@cbsnews,6
0.25,Wed Dec 13 03:48:29 +0000 2017,0.156,0.596,0.248,@cbsnews,7
0.0,Wed Dec 13 03:48:28 +0000 2017,0.0,1.0,0.0,@cbsnews,8
-0.8271,Wed Dec 13 03:48:28 +0000 2017,0.259,0.741,0.0,@cbsnews,9
0.4019,Wed Dec 13 03:48:26 +0000 2017,0.0,0.876,0.124,@cbsnews,10
-0.3818,Wed Dec 13 03:48:25 +0000 2017,0.133,0.867,0.0,@cbsnews,11
0.0,Wed Dec 13 03:48:21 +0000 2017,0.0,1.0,0.0,@cbsnews,12
-0.6597,Wed Dec 13 03:48:20 +0000 2017,0.231,0.769,0.0,@cbsnews,13
0.0,Wed Dec 13 03:48:19 +0000 2017,0.0,1.0,0.0,@cbsnews,14
0.4019,Wed Dec 13 03:48:16 +0000 2017,0.0,0.876,0.124,@cbsnews,15
0.1027,Wed Dec 13 03:48:16 +0000 2017,0.1,0.783,0.117,@cbsnews,16
0.4877,Wed Dec 13 03:48:12 +0000 2017,0.0,0.843,0.157,@cbsnews,17
0.4019,Wed Dec 13 03:48:10 +0000 2017,0.0,0.881,0.119,@cbsnews,18
-0.8442,Wed Dec 13 03:48:08 +0000 2017,0.431,0.569,0.0,@cbsnews,19
-0.4707,Wed Dec 13 03:48:08 +0000 2017,0.231,0.657,0.112,@cbsnews,20
0.0,Wed Dec 13 03:48:07 +0000 2017,0.0,1.0,0.0,@cbsnews,21
0.0,Wed Dec 13 03:48:03 +0000 2017,0.0,1.0,0.0,@cbsnews,22
0.9201,Wed Dec 13 03:48:03 +0000 2017,0.0,0.592,0.408,@cbsnews,23
-0.4215,Wed Dec 13 03:48:02 +0000 2017,0.318,0.682,0.0,@cbsnews,24
0.4019,Wed Dec 13 03:48:02 +0000 2017,0.0,0.876,0.124,@cbsnews,25
0.0,Wed Dec 13 03:48:01 +0000 2017,0.0,1.0,0.0,@cbsnews,26
0.0,Wed Dec 13 03:47:59 +0000 2017,0.0,1.0,0.0,@cbsnews,27
-0.5106,Wed Dec 13 03:47:55 +0000 2017,0.142,0.858,0.0,@cbsnews,28
0.0,Wed Dec 13 03:47:54 +0000 2017,0.0,1.0,0.0,@cbsnews,29
0.4019,Wed Dec 13 03:47:53 +0000 2017,0.0,0.895,0.105,@cbsnews,30
0.2144,Wed Dec 13 03:47:51 +0000 2017,0.0,0.926,0.074,@cbsnews,31
0.0,Wed Dec 13 03:47:43 +0000 2017,0.0,1.0,0.0,@cbsnews,32
0.0,Wed Dec 13 03:47:38 +0000 2017,0.0,1.0,0.0,@cbsnews,33
-0.6597,Wed Dec 13 03:47:37 +0000 2017,0.231,0.769,0.0,@cbsnews,34
0.0,Wed Dec 13 03:47:37 +0000 2017,0.0,1.0,0.0,@cbsnews,35
0.4019,Wed Dec 13 03:47:34 +0000 2017,0.0,0.895,0.105,@cbsnews,36
0.1027,Wed Dec 13 03:47:28 +0000 2017,0.1,0.783,0.117,@cbsnews,37
0.4019,Wed Dec 13 03:47:17 +0000 2017,0.0,0.876,0.124,@cbsnews,38
0.4019,Wed Dec 13 03:47:15 +0000 2017,0.0,0.895,0.105,@cbsnews,39
0.4019,Wed Dec 13 03:47:10 +0000 2017,0.0,0.881,0.119,@cbsnews,40
0.0,Wed Dec 13 03:46:58 +0000 2017,0.0,1.0,0.0,@cbsnews,41
0.4019,Wed Dec 13 03:46:58 +0000 2017,0.0,0.881,0.119,@cbsnews,42
0.0,Wed Dec 13 03:46:56 +0000 2017,0.0,1.0,0.0,@cbsnews,43
0.0,Wed Dec 13 03:46:48 +0000 2017,0.0,1.0,0.0,@cbsnews,44
0.4019,Wed Dec 13 03:46:46 +0000 2017,0.0,0.876,0.124,@cbsnews,45
0.7003,Wed Dec 13 03:46:37 +0000 2017,0.0,0.734,0.266,@cbsnews,46
0.4019,Wed Dec 13 03:46:36 +0000 2017,0.0,0.876,0.124,@cbsnews,47
0.4019,Wed Dec 13 03:46:34 +0000 2017,0.0,0.876,0.124,@cbsnews,48
0.4019,Wed Dec 13 03:46:33 +0000 2017,0.0,0.895,0.105,@cbsnews,49
0.0,Wed Dec 13 03:46:30 +0000 2017,0.0,1.0,0.0,@cbsnews,50
0.4019,Wed Dec 13 03:46:30 +0000 2017,0.0,0.876,0.124,@cbsnews,51
0.0,Wed Dec 13 03:46:28 +0000 2017,0.0,1.0,0.0,@cbsnews,52
0.0,Wed Dec 13 03:46:25 +0000 2017,0.0,1.0,0.0,@cbsnews,53
0.0,Wed Dec 13 03:46:25 +0000 2017,0.0,1.0,0.0,@cbsnews,54
0.0,Wed Dec 13 03:46:22 +0000 2017,0.0,1.0,0.0,@cbsnews,55
0.4019,Wed Dec 13 03:46:21 +0000 2017,0.0,0.881,0.119,@cbsnews,56
0.0,Wed Dec 13 03:46:20 +0000 2017,0.0,1.0,0.0,@cbsnews,57
-0.5106,Wed Dec 13 03:46:17 +0000 2017,0.171,0.829,0.0,@cbsnews,58
0.4019,Wed Dec 13 03:46:17 +0000 2017,0.0,0.876,0.124,@cbsnews,59
0.3612,Wed Dec 13 03:46:16 +0000 2017,0.0,0.667,0.333,@cbsnews,60
0.4588,Wed Dec 13 03:46:16 +0000 2017,0.09,0.738,0.172,@cbsnews,61
0.4019,Wed Dec 13 03:46:06 +0000 2017,0.0,0.886,0.114,@cbsnews,62
0.0,Wed Dec 13 03:46:05 +0000 2017,0.0,1.0,0.0,@cbsnews,63
0.4019,Wed Dec 13 03:46:04 +0000 2017,0.0,0.895,0.105,@cbsnews,64
-0.4404,Wed Dec 13 03:46:03 +0000 2017,0.182,0.818,0.0,@cbsnews,65
0.4019,Wed Dec 13 03:46:00 +0000 2017,0.0,0.876,0.124,@cbsnews,66
0.0,Wed Dec 13 03:45:59 +0000 2017,0.0,1.0,0.0,@cbsnews,67
0.4019,Wed Dec 13 03:45:55 +0000 2017,0.0,0.876,0.124,@cbsnews,68
-0.5859,Wed Dec 13 03:45:54 +0000 2017,0.153,0.847,0.0,@cbsnews,69
0.4019,Wed Dec 13 03:45:53 +0000 2017,0.0,0.876,0.124,@cbsnews,70
0.4019,Wed Dec 13 03:45:52 +0000 2017,0.0,0.876,0.124,@cbsnews,71
0.7906,Wed Dec 13 03:45:46 +0000 2017,0.0,0.632,0.368,@cbsnews,72
0.3956,Wed Dec 13 03:45:45 +0000 2017,0.091,0.756,0.154,@cbsnews,73
0.0,Wed Dec 13 03:45:44 +0000 2017,0.0,1.0,0.0,@cbsnews,74
0.0,Wed Dec 13 03:45:43 +0000 2017,0.0,1.0,0.0,@cbsnews,75
0.765,Wed Dec 13 03:45:37 +0000 2017,0.0,0.476,0.524,@cbsnews,76
0.8805,Wed Dec 13 03:45:36 +0000 2017,0.0,0.211,0.789,@cbsnews,77
0.7003,Wed Dec 13 03:45:34 +0000 2017,0.0,0.746,0.254,@cbsnews,78
-0.8875,Wed Dec 13 03:45:34 +0000 2017,0.322,0.678,0.0,@cbsnews,79
0.0,Wed Dec 13 03:45:33 +0000 2017,0.0,1.0,0.0,@cbsnews,80
0.4019,Wed Dec 13 03:45:31 +0000 2017,0.0,0.876,0.124,@cbsnews,81
0.0,Wed Dec 13 03:45:26 +0000 2017,0.0,1.0,0.0,@cbsnews,82
0.4019,Wed Dec 13 03:45:26 +0000 2017,0.0,0.876,0.124,@cbsnews,83
0.0,Wed Dec 13 03:45:26 +0000 2017,0.0,1.0,0.0,@cbsnews,84
-0.5719,Wed Dec 13 03:45:21 +0000 2017,0.179,0.821,0.0,@cbsnews,85
0.7964,Wed Dec 13 03:45:19 +0000 2017,0.0,0.382,0.618,@cbsnews,86
0.4019,Wed Dec 13 03:45:13 +0000 2017,0.0,0.895,0.105,@cbsnews,87
-0.8442,Wed Dec 13 03:45:11 +0000 2017,0.431,0.569,0.0,@cbsnews,88
0.0,Wed Dec 13 03:45:06 +0000 2017,0.0,1.0,0.0,@cbsnews,89
0.0,Wed Dec 13 03:45:05 +0000 2017,0.0,1.0,0.0,@cbsnews,90
0.4019,Wed Dec 13 03:45:01 +0000 2017,0.0,0.876,0.124,@cbsnews,91
0.4019,Wed Dec 13 03:44:57 +0000 2017,0.0,0.876,0.124,@cbsnews,92
0.4019,Wed Dec 13 03:44:54 +0000 2017,0.0,0.876,0.124,@cbsnews,93
0.3612,Wed Dec 13 03:44:51 +0000 2017,0.0,0.872,0.128,@cbsnews,94
0.0,Wed Dec 13 03:44:50 +0000 2017,0.0,1.0,0.0,@cbsnews,95
0.658,Wed Dec 13 03:44:48 +0000 2017,0.0,0.406,0.594,@cbsnews,96
0.5267,Wed Dec 13 03:44:48 +0000 2017,0.0,0.825,0.175,@cbsnews,97
0.4019,Wed Dec 13 03:44:46 +0000 2017,0.0,0.876,0.124,@cbsnews,98
0.765,Wed Dec 13 03:44:45 +0000 2017,0.0,0.663,0.337,@cbsnews,99
0.5423,Wed Dec 13 03:48:50 +0000 2017,0.105,0.667,0.228,@cnn,100
0.0,Wed Dec 13 03:48:50 +0000 2017,0.0,1.0,0.0,@cnn,1
-0.6705,Wed Dec 13 03:48:50 +0000 2017,0.237,0.678,0.085,@cnn,2
0.0,Wed Dec 13 03:48:49 +0000 2017,0.0,1.0,0.0,@cnn,3
0.7579,Wed Dec 13 03:48:49 +0000 2017,0.0,0.711,0.289,@cnn,4
-0.5859,Wed Dec 13 03:48:49 +0000 2017,0.432,0.568,0.0,@cnn,5
0.0,Wed Dec 13 03:48:49 +0000 2017,0.0,1.0,0.0,@cnn,6
0.0,Wed Dec 13 03:48:49 +0000 2017,0.0,1.0,0.0,@cnn,7
-0.5994,Wed Dec 13 03:48:49 +0000 2017,0.302,0.698,0.0,@cnn,8
0.8655,Wed Dec 13 03:48:49 +0000 2017,0.0,0.652,0.348,@cnn,9
0.5423,Wed Dec 13 03:48:49 +0000 2017,0.105,0.667,0.228,@cnn,10
0.5719,Wed Dec 13 03:48:48 +0000 2017,0.0,0.85,0.15,@cnn,11
0.0,Wed Dec 13 03:48:48 +0000 2017,0.0,1.0,0.0,@cnn,12
0.5719,Wed Dec 13 03:48:48 +0000 2017,0.0,0.85,0.15,@cnn,13
0.7579,Wed Dec 13 03:48:48 +0000 2017,0.0,0.711,0.289,@cnn,14
-0.4019,Wed Dec 13 03:48:48 +0000 2017,0.137,0.863,0.0,@cnn,15
0.0,Wed Dec 13 03:48:48 +0000 2017,0.0,1.0,0.0,@cnn,16
0.0,Wed Dec 13 03:48:47 +0000 2017,0.0,1.0,0.0,@cnn,17
0.7579,Wed Dec 13 03:48:47 +0000 2017,0.0,0.711,0.289,@cnn,18
0.2669,Wed Dec 13 03:48:47 +0000 2017,0.221,0.443,0.336,@cnn,19
0.5719,Wed Dec 13 03:48:47 +0000 2017,0.0,0.85,0.15,@cnn,20
0.5423,Wed Dec 13 03:48:47 +0000 2017,0.105,0.667,0.228,@cnn,21
0.5423,Wed Dec 13 03:48:47 +0000 2017,0.105,0.667,0.228,@cnn,22
0.5255,Wed Dec 13 03:48:47 +0000 2017,0.0,0.726,0.274,@cnn,23
0.0258,Wed Dec 13 03:48:46 +0000 2017,0.142,0.711,0.146,@cnn,24
0.0,Wed Dec 13 03:48:46 +0000 2017,0.0,1.0,0.0,@cnn,25
-0.7269,Wed Dec 13 03:48:46 +0000 2017,0.337,0.663,0.0,@cnn,26
0.0,Wed Dec 13 03:48:45 +0000 2017,0.0,1.0,0.0,@cnn,27
-0.6597,Wed Dec 13 03:48:45 +0000 2017,0.423,0.577,0.0,@cnn,28
0.5719,Wed Dec 13 03:48:45 +0000 2017,0.0,0.85,0.15,@cnn,29
0.0,Wed Dec 13 03:48:45 +0000 2017,0.0,1.0,0.0,@cnn,30
0.5994,Wed Dec 13 03:48:45 +0000 2017,0.0,0.204,0.796,@cnn,31
0.3818,Wed Dec 13 03:48:45 +0000 2017,0.0,0.755,0.245,@cnn,32
-0.4019,Wed Dec 13 03:48:45 +0000 2017,0.239,0.629,0.132,@cnn,33
0.0,Wed Dec 13 03:48:44 +0000 2017,0.0,1.0,0.0,@cnn,34
0.0,Wed Dec 13 03:48:44 +0000 2017,0.0,1.0,0.0,@cnn,35
-0.0516,Wed Dec 13 03:48:44 +0000 2017,0.05,0.95,0.0,@cnn,36
0.5423,Wed Dec 13 03:48:44 +0000 2017,0.105,0.667,0.228,@cnn,37
-0.8176,Wed Dec 13 03:48:43 +0000 2017,0.309,0.691,0.0,@cnn,38
0.0,Wed Dec 13 03:48:43 +0000 2017,0.0,1.0,0.0,@cnn,39
0.5423,Wed Dec 13 03:48:43 +0000 2017,0.105,0.667,0.228,@cnn,40
0.5423,Wed Dec 13 03:48:43 +0000 2017,0.105,0.667,0.228,@cnn,41
-0.6408,Wed Dec 13 03:48:43 +0000 2017,0.32,0.68,0.0,@cnn,42
0.0,Wed Dec 13 03:48:43 +0000 2017,0.0,1.0,0.0,@cnn,43
-0.3987,Wed Dec 13 03:48:43 +0000 2017,0.402,0.598,0.0,@cnn,44
0.7579,Wed Dec 13 03:48:43 +0000 2017,0.0,0.711,0.289,@cnn,45
0.1027,Wed Dec 13 03:48:43 +0000 2017,0.0,0.903,0.097,@cnn,46
0.5423,Wed Dec 13 03:48:43 +0000 2017,0.105,0.667,0.228,@cnn,47
0.7351,Wed Dec 13 03:48:43 +0000 2017,0.0,0.53,0.47,@cnn,48
0.2023,Wed Dec 13 03:48:42 +0000 2017,0.148,0.663,0.189,@cnn,49
0.1027,Wed Dec 13 03:48:42 +0000 2017,0.0,0.903,0.097,@cnn,50
0.0,Wed Dec 13 03:48:42 +0000 2017,0.0,1.0,0.0,@cnn,51
0.0,Wed Dec 13 03:48:42 +0000 2017,0.0,1.0,0.0,@cnn,52
0.0,Wed Dec 13 03:48:42 +0000 2017,0.0,1.0,0.0,@cnn,53
0.5423,Wed Dec 13 03:48:41 +0000 2017,0.105,0.667,0.228,@cnn,54
0.5423,Wed Dec 13 03:48:41 +0000 2017,0.105,0.667,0.228,@cnn,55
0.2732,Wed Dec 13 03:48:41 +0000 2017,0.0,0.87,0.13,@cnn,56
0.2957,Wed Dec 13 03:48:41 +0000 2017,0.153,0.578,0.269,@cnn,57
0.7579,Wed Dec 13 03:48:41 +0000 2017,0.0,0.711,0.289,@cnn,58
0.0,Wed Dec 13 03:48:41 +0000 2017,0.0,1.0,0.0,@cnn,59
-0.34,Wed Dec 13 03:48:41 +0000 2017,0.124,0.876,0.0,@cnn,60
0.0,Wed Dec 13 03:48:41 +0000 2017,0.0,1.0,0.0,@cnn,61
-0.4767,Wed Dec 13 03:48:41 +0000 2017,0.134,0.866,0.0,@cnn,62
0.0,Wed Dec 13 03:48:40 +0000 2017,0.0,1.0,0.0,@cnn,63
0.0,Wed Dec 13 03:48:40 +0000 2017,0.0,1.0,0.0,@cnn,64
0.0,Wed Dec 13 03:48:40 +0000 2017,0.0,1.0,0.0,@cnn,65
0.0,Wed Dec 13 03:48:40 +0000 2017,0.0,1.0,0.0,@cnn,66
-0.7717,Wed Dec 13 03:48:40 +0000 2017,0.271,0.729,0.0,@cnn,67
0.2714,Wed Dec 13 03:48:40 +0000 2017,0.103,0.751,0.146,@cnn,68
0.7579,Wed Dec 13 03:48:40 +0000 2017,0.0,0.711,0.289,@cnn,69
0.0,Wed Dec 13 03:48:39 +0000 2017,0.0,1.0,0.0,@cnn,70
0.7579,Wed Dec 13 03:48:39 +0000 2017,0.0,0.711,0.289,@cnn,71
0.5423,Wed Dec 13 03:48:39 +0000 2017,0.105,0.667,0.228,@cnn,72
0.0,Wed Dec 13 03:48:39 +0000 2017,0.0,1.0,0.0,@cnn,73
0.0,Wed Dec 13 03:48:39 +0000 2017,0.0,1.0,0.0,@cnn,74
0.8625,Wed Dec 13 03:48:39 +0000 2017,0.0,0.616,0.384,@cnn,75
0.0,Wed Dec 13 03:48:39 +0000 2017,0.0,1.0,0.0,@cnn,76
0.0,Wed Dec 13 03:48:39 +0000 2017,0.0,1.0,0.0,@cnn,77
0.7579,Wed Dec 13 03:48:39 +0000 2017,0.0,0.711,0.289,@cnn,78
0.0,Wed Dec 13 03:48:39 +0000 2017,0.0,1.0,0.0,@cnn,79
0.5719,Wed Dec 13 03:48:39 +0000 2017,0.0,0.85,0.15,@cnn,80
0.0,Wed Dec 13 03:48:39 +0000 2017,0.0,1.0,0.0,@cnn,81
0.5719,Wed Dec 13 03:48:39 +0000 2017,0.0,0.85,0.15,@cnn,82
0.0,Wed Dec 13 03:48:38 +0000 2017,0.0,1.0,0.0,@cnn,83
0.0,Wed Dec 13 03:48:38 +0000 2017,0.0,1.0,0.0,@cnn,84
0.9243,Wed Dec 13 03:48:38 +0000 2017,0.0,0.451,0.549,@cnn,85
0.3612,Wed Dec 13 03:48:38 +0000 2017,0.0,0.828,0.172,@cnn,86
0.784,Wed Dec 13 03:48:38 +0000 2017,0.0,0.592,0.408,@cnn,87
0.0,Wed Dec 13 03:48:38 +0000 2017,0.0,1.0,0.0,@cnn,88
0.0,Wed Dec 13 03:48:37 +0000 2017,0.0,1.0,0.0,@cnn,89
-0.5951,Wed Dec 13 03:48:37 +0000 2017,0.162,0.838,0.0,@cnn,90
-0.783,Wed Dec 13 03:48:37 +0000 2017,0.256,0.744,0.0,@cnn,91
-0.0516,Wed Dec 13 03:48:37 +0000 2017,0.107,0.794,0.098,@cnn,92
0.0,Wed Dec 13 03:48:37 +0000 2017,0.0,1.0,0.0,@cnn,93
-0.0258,Wed Dec 13 03:48:36 +0000 2017,0.114,0.776,0.11,@cnn,94
0.7579,Wed Dec 13 03:48:36 +0000 2017,0.0,0.711,0.289,@cnn,95
0.0,Wed Dec 13 03:48:36 +0000 2017,0.0,1.0,0.0,@cnn,96
0.0,Wed Dec 13 03:48:36 +0000 2017,0.0,1.0,0.0,@cnn,97
-0.0516,Wed Dec 13 03:48:36 +0000 2017,0.05,0.95,0.0,@cnn,98
0.5423,Wed Dec 13 03:48:35 +0000 2017,0.105,0.667,0.228,@cnn,99
0.4201,Wed Dec 13 03:48:50 +0000 2017,0.13,0.617,0.253,@foxnews,100
0.0,Wed Dec 13 03:48:50 +0000 2017,0.0,1.0,0.0,@foxnews,1
0.0,Wed Dec 13 03:48:50 +0000 2017,0.0,1.0,0.0,@foxnews,2
-0.4588,Wed Dec 13 03:48:50 +0000 2017,0.136,0.864,0.0,@foxnews,3
0.0,Wed Dec 13 03:48:50 +0000 2017,0.0,1.0,0.0,@foxnews,4
0.5242,Wed Dec 13 03:48:50 +0000 2017,0.0,0.727,0.273,@foxnews,5
0.0,Wed Dec 13 03:48:50 +0000 2017,0.0,1.0,0.0,@foxnews,6
0.2732,Wed Dec 13 03:48:49 +0000 2017,0.0,0.826,0.174,@foxnews,7
-0.2023,Wed Dec 13 03:48:49 +0000 2017,0.151,0.733,0.116,@foxnews,8
-0.5106,Wed Dec 13 03:48:49 +0000 2017,0.163,0.837,0.0,@foxnews,9
0.0,Wed Dec 13 03:48:49 +0000 2017,0.0,1.0,0.0,@foxnews,10
0.0,Wed Dec 13 03:48:49 +0000 2017,0.0,1.0,0.0,@foxnews,11
0.0,Wed Dec 13 03:48:49 +0000 2017,0.0,1.0,0.0,@foxnews,12
0.7804,Wed Dec 13 03:48:49 +0000 2017,0.0,0.785,0.215,@foxnews,13
0.0,Wed Dec 13 03:48:48 +0000 2017,0.0,1.0,0.0,@foxnews,14
-0.5106,Wed Dec 13 03:48:48 +0000 2017,0.171,0.829,0.0,@foxnews,15
0.0,Wed Dec 13 03:48:48 +0000 2017,0.0,1.0,0.0,@foxnews,16
-0.5362,Wed Dec 13 03:48:47 +0000 2017,0.257,0.743,0.0,@foxnews,17
0.0,Wed Dec 13 03:48:47 +0000 2017,0.0,1.0,0.0,@foxnews,18
0.128,Wed Dec 13 03:48:47 +0000 2017,0.0,0.88,0.12,@foxnews,19
0.0,Wed Dec 13 03:48:47 +0000 2017,0.0,1.0,0.0,@foxnews,20
0.5255,Wed Dec 13 03:48:47 +0000 2017,0.0,0.726,0.274,@foxnews,21
0.0,Wed Dec 13 03:48:47 +0000 2017,0.0,1.0,0.0,@foxnews,22
-0.5106,Wed Dec 13 03:48:46 +0000 2017,0.171,0.829,0.0,@foxnews,23
-0.1779,Wed Dec 13 03:48:46 +0000 2017,0.248,0.56,0.192,@foxnews,24
0.782,Wed Dec 13 03:48:46 +0000 2017,0.0,0.7,0.3,@foxnews,25
0.0,Wed Dec 13 03:48:46 +0000 2017,0.0,1.0,0.0,@foxnews,26
-0.5267,Wed Dec 13 03:48:46 +0000 2017,0.236,0.764,0.0,@foxnews,27
0.1027,Wed Dec 13 03:48:46 +0000 2017,0.234,0.514,0.252,@foxnews,28
0.0,Wed Dec 13 03:48:46 +0000 2017,0.0,1.0,0.0,@foxnews,29
-0.4658,Wed Dec 13 03:48:46 +0000 2017,0.212,0.788,0.0,@foxnews,30
0.3892,Wed Dec 13 03:48:45 +0000 2017,0.0,0.773,0.227,@foxnews,31
-0.5106,Wed Dec 13 03:48:45 +0000 2017,0.18,0.82,0.0,@foxnews,32
-0.4588,Wed Dec 13 03:48:45 +0000 2017,0.136,0.864,0.0,@foxnews,33
-0.5267,Wed Dec 13 03:48:45 +0000 2017,0.236,0.764,0.0,@foxnews,34
-0.5106,Wed Dec 13 03:48:45 +0000 2017,0.171,0.829,0.0,@foxnews,35
0.6486,Wed Dec 13 03:48:45 +0000 2017,0.0,0.773,0.227,@foxnews,36
-0.4767,Wed Dec 13 03:48:45 +0000 2017,0.154,0.846,0.0,@foxnews,37
0.7177,Wed Dec 13 03:48:45 +0000 2017,0.0,0.539,0.461,@foxnews,38
0.0,Wed Dec 13 03:48:44 +0000 2017,0.0,1.0,0.0,@foxnews,39
0.3612,Wed Dec 13 03:48:44 +0000 2017,0.0,0.884,0.116,@foxnews,40
-0.4588,Wed Dec 13 03:48:44 +0000 2017,0.136,0.864,0.0,@foxnews,41
0.0,Wed Dec 13 03:48:44 +0000 2017,0.0,1.0,0.0,@foxnews,42
0.0,Wed Dec 13 03:48:44 +0000 2017,0.0,1.0,0.0,@foxnews,43
0.0,Wed Dec 13 03:48:44 +0000 2017,0.0,1.0,0.0,@foxnews,44
0.0,Wed Dec 13 03:48:44 +0000 2017,0.0,1.0,0.0,@foxnews,45
-0.509,Wed Dec 13 03:48:44 +0000 2017,0.202,0.798,0.0,@foxnews,46
-0.5106,Wed Dec 13 03:48:43 +0000 2017,0.18,0.82,0.0,@foxnews,47
-0.0772,Wed Dec 13 03:48:43 +0000 2017,0.117,0.778,0.105,@foxnews,48
-0.5106,Wed Dec 13 03:48:43 +0000 2017,0.171,0.829,0.0,@foxnews,49
0.0,Wed Dec 13 03:48:43 +0000 2017,0.0,1.0,0.0,@foxnews,50
0.0,Wed Dec 13 03:48:43 +0000 2017,0.0,1.0,0.0,@foxnews,51
0.0,Wed Dec 13 03:48:43 +0000 2017,0.0,1.0,0.0,@foxnews,52
-0.5106,Wed Dec 13 03:48:43 +0000 2017,0.171,0.829,0.0,@foxnews,53
0.0,Wed Dec 13 03:48:43 +0000 2017,0.0,1.0,0.0,@foxnews,54
-0.5106,Wed Dec 13 03:48:43 +0000 2017,0.171,0.829,0.0,@foxnews,55
-0.4939,Wed Dec 13 03:48:43 +0000 2017,0.282,0.577,0.141,@foxnews,56
0.0,Wed Dec 13 03:48:42 +0000 2017,0.0,1.0,0.0,@foxnews,57
0.6239,Wed Dec 13 03:48:42 +0000 2017,0.0,0.328,0.672,@foxnews,58
0.0,Wed Dec 13 03:48:42 +0000 2017,0.0,1.0,0.0,@foxnews,59
-0.6808,Wed Dec 13 03:48:42 +0000 2017,0.259,0.741,0.0,@foxnews,60
-0.2617,Wed Dec 13 03:48:42 +0000 2017,0.199,0.673,0.128,@foxnews,61
0.0352,Wed Dec 13 03:48:42 +0000 2017,0.213,0.565,0.222,@foxnews,62
0.0,Wed Dec 13 03:48:42 +0000 2017,0.0,1.0,0.0,@foxnews,63
0.1984,Wed Dec 13 03:48:42 +0000 2017,0.155,0.6,0.244,@foxnews,64
0.0,Wed Dec 13 03:48:41 +0000 2017,0.0,1.0,0.0,@foxnews,65
0.1139,Wed Dec 13 03:48:41 +0000 2017,0.0,0.9,0.1,@foxnews,66
0.8591,Wed Dec 13 03:48:41 +0000 2017,0.0,0.642,0.358,@foxnews,67
-0.5106,Wed Dec 13 03:48:41 +0000 2017,0.171,0.829,0.0,@foxnews,68
0.0,Wed Dec 13 03:48:40 +0000 2017,0.0,1.0,0.0,@foxnews,69
-0.3612,Wed Dec 13 03:48:40 +0000 2017,0.161,0.839,0.0,@foxnews,70
-0.0772,Wed Dec 13 03:48:40 +0000 2017,0.117,0.778,0.105,@foxnews,71
0.0,Wed Dec 13 03:48:40 +0000 2017,0.0,1.0,0.0,@foxnews,72
0.0,Wed Dec 13 03:48:40 +0000 2017,0.0,1.0,0.0,@foxnews,73
-0.0772,Wed Dec 13 03:48:39 +0000 2017,0.117,0.778,0.105,@foxnews,74
0.5859,Wed Dec 13 03:48:39 +0000 2017,0.0,0.758,0.242,@foxnews,75
0.4199,Wed Dec 13 03:48:39 +0000 2017,0.108,0.701,0.191,@foxnews,76
-0.4939,Wed Dec 13 03:48:39 +0000 2017,0.176,0.824,0.0,@foxnews,77
0.296,Wed Dec 13 03:48:38 +0000 2017,0.0,0.784,0.216,@foxnews,78
-0.5106,Wed Dec 13 03:48:38 +0000 2017,0.171,0.829,0.0,@foxnews,79
0.0,Wed Dec 13 03:48:38 +0000 2017,0.0,1.0,0.0,@foxnews,80
-0.6067,Wed Dec 13 03:48:38 +0000 2017,0.219,0.7,0.081,@foxnews,81
-0.5106,Wed Dec 13 03:48:38 +0000 2017,0.171,0.829,0.0,@foxnews,82
-0.5423,Wed Dec 13 03:48:37 +0000 2017,0.143,0.857,0.0,@foxnews,83
-0.0772,Wed Dec 13 03:48:37 +0000 2017,0.117,0.778,0.105,@foxnews,84
0.0,Wed Dec 13 03:48:37 +0000 2017,0.0,1.0,0.0,@foxnews,85
-0.0772,Wed Dec 13 03:48:37 +0000 2017,0.117,0.778,0.105,@foxnews,86
0.4215,Wed Dec 13 03:48:37 +0000 2017,0.091,0.709,0.201,@foxnews,87
-0.5994,Wed Dec 13 03:48:37 +0000 2017,0.196,0.804,0.0,@foxnews,88
-0.8279,Wed Dec 13 03:48:36 +0000 2017,0.451,0.425,0.123,@foxnews,89
0.0,Wed Dec 13 03:48:36 +0000 2017,0.0,1.0,0.0,@foxnews,90
-0.5994,Wed Dec 13 03:48:36 +0000 2017,0.196,0.804,0.0,@foxnews,91
0.5106,Wed Dec 13 03:48:36 +0000 2017,0.0,0.769,0.231,@foxnews,92
-0.1027,Wed Dec 13 03:48:36 +0000 2017,0.057,0.943,0.0,@foxnews,93
0.0,Wed Dec 13 03:48:36 +0000 2017,0.0,1.0,0.0,@foxnews,94
-0.5027,Wed Dec 13 03:48:36 +0000 2017,0.322,0.51,0.168,@foxnews,95
0.0,Wed Dec 13 03:48:35 +0000 2017,0.109,0.781,0.109,@foxnews,96
0.0,Wed Dec 13 03:48:35 +0000 2017,0.0,1.0,0.0,@foxnews,97
-0.3182,Wed Dec 13 03:48:35 +0000 2017,0.204,0.796,0.0,@foxnews,98
0.0,Wed Dec 13 03:48:35 +0000 2017,0.0,1.0,0.0,@foxnews,99
-0.1779,Wed Dec 13 03:48:51 +0000 2017,0.179,0.698,0.123,@nytimes,100
0.0,Wed Dec 13 03:48:51 +0000 2017,0.0,1.0,0.0,@nytimes,1
0.7096,Wed Dec 13 03:48:51 +0000 2017,0.0,0.781,0.219,@nytimes,2
0.0,Wed Dec 13 03:48:50 +0000 2017,0.0,1.0,0.0,@nytimes,3
-0.1779,Wed Dec 13 03:48:50 +0000 2017,0.179,0.698,0.123,@nytimes,4
-0.1779,Wed Dec 13 03:48:50 +0000 2017,0.179,0.698,0.123,@nytimes,5
-0.1779,Wed Dec 13 03:48:50 +0000 2017,0.179,0.698,0.123,@nytimes,6
0.0,Wed Dec 13 03:48:50 +0000 2017,0.0,1.0,0.0,@nytimes,7
0.9136,Wed Dec 13 03:48:49 +0000 2017,0.0,0.592,0.408,@nytimes,8
0.4939,Wed Dec 13 03:48:49 +0000 2017,0.093,0.685,0.222,@nytimes,9
-0.1779,Wed Dec 13 03:48:49 +0000 2017,0.179,0.698,0.123,@nytimes,10
-0.1779,Wed Dec 13 03:48:49 +0000 2017,0.179,0.698,0.123,@nytimes,11
-0.1779,Wed Dec 13 03:48:48 +0000 2017,0.179,0.698,0.123,@nytimes,12
0.0,Wed Dec 13 03:48:48 +0000 2017,0.0,1.0,0.0,@nytimes,13
-0.1779,Wed Dec 13 03:48:48 +0000 2017,0.179,0.698,0.123,@nytimes,14
0.5719,Wed Dec 13 03:48:48 +0000 2017,0.0,0.764,0.236,@nytimes,15
-0.1779,Wed Dec 13 03:48:47 +0000 2017,0.179,0.698,0.123,@nytimes,16
-0.1779,Wed Dec 13 03:48:47 +0000 2017,0.179,0.698,0.123,@nytimes,17
-0.1779,Wed Dec 13 03:48:46 +0000 2017,0.179,0.698,0.123,@nytimes,18
0.0,Wed Dec 13 03:48:46 +0000 2017,0.0,1.0,0.0,@nytimes,19
-0.1779,Wed Dec 13 03:48:46 +0000 2017,0.179,0.698,0.123,@nytimes,20
-0.1779,Wed Dec 13 03:48:46 +0000 2017,0.179,0.698,0.123,@nytimes,21
-0.1779,Wed Dec 13 03:48:46 +0000 2017,0.179,0.698,0.123,@nytimes,22
0.9136,Wed Dec 13 03:48:45 +0000 2017,0.0,0.592,0.408,@nytimes,23
0.7088,Wed Dec 13 03:48:45 +0000 2017,0.0,0.731,0.269,@nytimes,24
-0.1779,Wed Dec 13 03:48:45 +0000 2017,0.179,0.698,0.123,@nytimes,25
0.6114,Wed Dec 13 03:48:45 +0000 2017,0.0,0.778,0.222,@nytimes,26
0.854,Wed Dec 13 03:48:45 +0000 2017,0.0,0.67,0.33,@nytimes,27
-0.1779,Wed Dec 13 03:48:44 +0000 2017,0.179,0.698,0.123,@nytimes,28
-0.1779,Wed Dec 13 03:48:43 +0000 2017,0.179,0.698,0.123,@nytimes,29
0.5859,Wed Dec 13 03:48:43 +0000 2017,0.0,0.345,0.655,@nytimes,30
0.4019,Wed Dec 13 03:48:43 +0000 2017,0.0,0.863,0.137,@nytimes,31
0.0,Wed Dec 13 03:48:42 +0000 2017,0.0,1.0,0.0,@nytimes,32
-0.1779,Wed Dec 13 03:48:42 +0000 2017,0.179,0.698,0.123,@nytimes,33
-0.1779,Wed Dec 13 03:48:41 +0000 2017,0.179,0.698,0.123,@nytimes,34
0.0,Wed Dec 13 03:48:41 +0000 2017,0.0,1.0,0.0,@nytimes,35
0.0,Wed Dec 13 03:48:41 +0000 2017,0.0,1.0,0.0,@nytimes,36
-0.5562,Wed Dec 13 03:48:40 +0000 2017,0.473,0.527,0.0,@nytimes,37
0.6467,Wed Dec 13 03:48:40 +0000 2017,0.0,0.789,0.211,@nytimes,38
-0.1779,Wed Dec 13 03:48:40 +0000 2017,0.179,0.698,0.123,@nytimes,39
-0.1779,Wed Dec 13 03:48:40 +0000 2017,0.179,0.698,0.123,@nytimes,40
0.0,Wed Dec 13 03:48:40 +0000 2017,0.0,1.0,0.0,@nytimes,41
-0.25,Wed Dec 13 03:48:40 +0000 2017,0.083,0.917,0.0,@nytimes,42
-0.1779,Wed Dec 13 03:48:39 +0000 2017,0.179,0.698,0.123,@nytimes,43
-0.3089,Wed Dec 13 03:48:39 +0000 2017,0.111,0.889,0.0,@nytimes,44
0.0258,Wed Dec 13 03:48:39 +0000 2017,0.0,0.784,0.216,@nytimes,45
0.0,Wed Dec 13 03:48:38 +0000 2017,0.0,1.0,0.0,@nytimes,46
-0.1779,Wed Dec 13 03:48:38 +0000 2017,0.179,0.698,0.123,@nytimes,47
-0.1779,Wed Dec 13 03:48:38 +0000 2017,0.179,0.698,0.123,@nytimes,48
-0.1779,Wed Dec 13 03:48:38 +0000 2017,0.179,0.698,0.123,@nytimes,49
0.3182,Wed Dec 13 03:48:38 +0000 2017,0.123,0.69,0.187,@nytimes,50
-0.1779,Wed Dec 13 03:48:37 +0000 2017,0.179,0.698,0.123,@nytimes,51
0.0,Wed Dec 13 03:48:37 +0000 2017,0.0,1.0,0.0,@nytimes,52
-0.1779,Wed Dec 13 03:48:36 +0000 2017,0.179,0.698,0.123,@nytimes,53
0.0,Wed Dec 13 03:48:35 +0000 2017,0.0,1.0,0.0,@nytimes,54
-0.1779,Wed Dec 13 03:48:35 +0000 2017,0.179,0.698,0.123,@nytimes,55
0.5719,Wed Dec 13 03:48:35 +0000 2017,0.0,0.791,0.209,@nytimes,56
0.0,Wed Dec 13 03:48:35 +0000 2017,0.0,1.0,0.0,@nytimes,57
-0.1779,Wed Dec 13 03:48:34 +0000 2017,0.179,0.698,0.123,@nytimes,58
-0.1779,Wed Dec 13 03:48:34 +0000 2017,0.179,0.698,0.123,@nytimes,59
-0.1779,Wed Dec 13 03:48:34 +0000 2017,0.179,0.698,0.123,@nytimes,60
0.8074,Wed Dec 13 03:48:34 +0000 2017,0.0,0.578,0.422,@nytimes,61
-0.1779,Wed Dec 13 03:48:34 +0000 2017,0.179,0.698,0.123,@nytimes,62
0.0,Wed Dec 13 03:48:34 +0000 2017,0.0,1.0,0.0,@nytimes,63
-0.3818,Wed Dec 13 03:48:33 +0000 2017,0.191,0.809,0.0,@nytimes,64
-0.3612,Wed Dec 13 03:48:33 +0000 2017,0.333,0.667,0.0,@nytimes,65
0.0,Wed Dec 13 03:48:33 +0000 2017,0.0,1.0,0.0,@nytimes,66
-0.1779,Wed Dec 13 03:48:33 +0000 2017,0.179,0.698,0.123,@nytimes,67
-0.1779,Wed Dec 13 03:48:32 +0000 2017,0.179,0.698,0.123,@nytimes,68
-0.1779,Wed Dec 13 03:48:32 +0000 2017,0.179,0.698,0.123,@nytimes,69
-0.1779,Wed Dec 13 03:48:32 +0000 2017,0.179,0.698,0.123,@nytimes,70
-0.1779,Wed Dec 13 03:48:32 +0000 2017,0.179,0.698,0.123,@nytimes,71
-0.1779,Wed Dec 13 03:48:31 +0000 2017,0.179,0.698,0.123,@nytimes,72
0.4404,Wed Dec 13 03:48:31 +0000 2017,0.0,0.775,0.225,@nytimes,73
0.2732,Wed Dec 13 03:48:30 +0000 2017,0.0,0.909,0.091,@nytimes,74
-0.1779,Wed Dec 13 03:48:28 +0000 2017,0.179,0.698,0.123,@nytimes,75
-0.3818,Wed Dec 13 03:48:28 +0000 2017,0.148,0.852,0.0,@nytimes,76
-0.25,Wed Dec 13 03:48:28 +0000 2017,0.083,0.917,0.0,@nytimes,77
-0.1779,Wed Dec 13 03:48:27 +0000 2017,0.179,0.698,0.123,@nytimes,78
0.4215,Wed Dec 13 03:48:27 +0000 2017,0.0,0.417,0.583,@nytimes,79
0.0,Wed Dec 13 03:48:25 +0000 2017,0.0,1.0,0.0,@nytimes,80
-0.1779,Wed Dec 13 03:48:25 +0000 2017,0.179,0.698,0.123,@nytimes,81
-0.1779,Wed Dec 13 03:48:24 +0000 2017,0.179,0.698,0.123,@nytimes,82
-0.296,Wed Dec 13 03:48:24 +0000 2017,0.104,0.896,0.0,@nytimes,83
0.0,Wed Dec 13 03:48:23 +0000 2017,0.0,1.0,0.0,@nytimes,84
-0.1779,Wed Dec 13 03:48:23 +0000 2017,0.179,0.698,0.123,@nytimes,85
0.0,Wed Dec 13 03:48:22 +0000 2017,0.0,1.0,0.0,@nytimes,86
0.0,Wed Dec 13 03:48:22 +0000 2017,0.0,1.0,0.0,@nytimes,87
0.0,Wed Dec 13 03:48:22 +0000 2017,0.0,1.0,0.0,@nytimes,88
0.4767,Wed Dec 13 03:48:21 +0000 2017,0.0,0.881,0.119,@nytimes,89
0.0,Wed Dec 13 03:48:19 +0000 2017,0.0,1.0,0.0,@nytimes,90
0.7067,Wed Dec 13 03:48:19 +0000 2017,0.0,0.755,0.245,@nytimes,91
-0.7351,Wed Dec 13 03:48:19 +0000 2017,0.292,0.708,0.0,@nytimes,92
-0.5106,Wed Dec 13 03:48:19 +0000 2017,0.268,0.732,0.0,@nytimes,93
0.0,Wed Dec 13 03:48:19 +0000 2017,0.0,1.0,0.0,@nytimes,94
0.631,Wed Dec 13 03:48:17 +0000 2017,0.0,0.743,0.257,@nytimes,95
0.6114,Wed Dec 13 03:48:16 +0000 2017,0.0,0.693,0.307,@nytimes,96
0.5256,Wed Dec 13 03:48:16 +0000 2017,0.0,0.747,0.253,@nytimes,97
-0.7906,Wed Dec 13 03:48:15 +0000 2017,0.438,0.562,0.0,@nytimes,98
0.871,Wed Dec 13 03:48:14 +0000 2017,0.076,0.475,0.449,@nytimes,99
